{"cameraMode":{"drawMode":0,"name":"Shaded","section":"Shading Mode"},"sceneLighting":true,"audioPlay":false,"sceneViewState":{"showFog":false,"showMaterialUpdate":false,"showSkybox":false,"showFlares":false,"showImageEffects":true,"showParticleSystems":false},"in2DMode":false,"pivot":{"x":33.72609329223633,"y":7.038189888000488,"z":-12.176962852478028},"rotation":{"x":-0.37574654817581179,"y":-0.0058428323827683929,"z":0.00236858450807631,"w":-0.926701009273529},"size":8.012343406677246,"orthographic":false}