{"cameraMode":{"drawMode":0,"name":"Shaded","section":"Shading Mode"},"sceneLighting":true,"audioPlay":false,"sceneViewState":{"showFog":false,"showMaterialUpdate":false,"showSkybox":false,"showFlares":false,"showImageEffects":true,"showParticleSystems":false},"in2DMode":false,"pivot":{"x":37.813201904296878,"y":-14.214518547058106,"z":17.154516220092775},"rotation":{"x":0.09339439868927002,"y":-0.29980140924453738,"z":0.029505614191293718,"w":0.948960542678833},"size":10.30178165435791,"orthographic":false}