{"cameraMode":{"drawMode":0,"name":"Shaded","section":"Shading Mode"},"sceneLighting":true,"audioPlay":false,"sceneViewState":{"showFog":false,"showMaterialUpdate":false,"showSkybox":false,"showFlares":false,"showImageEffects":true,"showParticleSystems":false},"in2DMode":false,"pivot":{"x":61.97279739379883,"y":49.257503509521487,"z":72.39038848876953},"rotation":{"x":-0.17674747109413148,"y":-0.3666805028915405,"z":0.07116978615522385,"w":-0.9106264710426331},"size":4.348599910736084,"orthographic":false}