{"cameraMode":{"drawMode":0,"name":"Shaded","section":"Shading Mode"},"sceneLighting":true,"audioPlay":false,"sceneViewState":{"showFog":false,"showMaterialUpdate":false,"showSkybox":false,"showFlares":false,"showImageEffects":true,"showParticleSystems":false},"in2DMode":false,"pivot":{"x":66.0628662109375,"y":76.47627258300781,"z":71.6650619506836},"rotation":{"x":-0.11522167921066284,"y":-0.3911864459514618,"z":0.04943649470806122,"w":-0.911730945110321},"size":4.348599910736084,"orthographic":false}