{"cameraMode":{"drawMode":0,"name":"Shaded","section":"Shading Mode"},"sceneLighting":false,"audioPlay":false,"sceneViewState":{"showFog":false,"showMaterialUpdate":false,"showSkybox":false,"showFlares":false,"showImageEffects":true,"showParticleSystems":false},"in2DMode":false,"pivot":{"x":41.22035598754883,"y":-12.90157699584961,"z":13.869221687316895},"rotation":{"x":-0.002197448629885912,"y":0.9865736961364746,"z":-0.16275805234909059,"w":-0.013319652527570725},"size":4.925189971923828,"orthographic":false}